WKT,nama,deskripsi
"POLYGON ((106.8100519 -6.3156015, 106.7817486 -6.3165299, 106.7769421 -6.3288144, 106.7721356 -6.3554297, 106.7532528 -6.3595242, 106.7456997 -6.3619127, 106.7405499 -6.3909146, 106.7357434 -6.410362, 106.7305935 -6.4349261, 106.7285336 -6.4615358, 106.725787 -6.4755225, 106.7405499 -6.487462, 106.7590893 -6.5065646, 106.7638958 -6.5256664, 106.7872418 -6.5614805, 106.8253506 -6.5611394, 106.8335904 -6.5648912, 106.84389 -6.5567054, 106.8521298 -6.5430622, 106.854533 -6.5294185, 106.8802823 -6.4697232, 106.9170178 -6.432538, 106.919421 -6.400809, 106.9164819 -6.3613255, 106.9115246 -6.3646423, 106.9080914 -6.3605478, 106.8971051 -6.3704428, 106.8830288 -6.3687368, 106.877879 -6.3612303, 106.8692959 -6.3564533, 106.8692959 -6.3506527, 106.8586529 -6.3516763, 106.8486966 -6.3414398, 106.8462933 -6.3366626, 106.8373669 -6.349629, 106.8356503 -6.354406, 106.8230981 -6.3579134, 106.8153943 -6.3574769, 106.8092144 -6.3625951, 106.7954815 -6.3625951, 106.7934216 -6.3554297, 106.7927349 -6.3499702, 106.8030346 -6.3393924, 106.801318 -6.331203, 106.8100519 -6.3156015))",Kota Administrasi Depok, Jawa Barat,
